{"graph": {"_type": "graph-file", "path": "media/graph/graph_summary_71082f22.graph.json", "sha256": "71082f22d33aa9d8f3a8e9ef339af4d7afda70940b45d674d5490629c3da1a0f", "size": 738}, "mae": 1.4934098720550537, "mse": 4.044392108917236, "_timestamp": 1582224774.334642, "_runtime": 648.3257339000702, "val_loss": 14.469618699443874, "val_mse": 14.469618797302246, "loss": 4.044391888159293, "val_mae": 2.4843358993530273, "epoch": 49, "_step": 49, "best_val_loss": 14.193272885991567, "best_epoch": 36}
