{"graph": {"_type": "graph-file", "path": "media/graph/graph_summary_ecc80578.graph.json", "sha256": "ecc805786e9ce599f46cc425c95e53ce1bde485378e839b95441abf616f2aed4", "size": 597}, "mae": 1.9135724306106567, "mse": 10.058609962463379, "_timestamp": 1582225080.9649081, "_runtime": 3.991208076477051, "val_loss": 2.7659247597651695, "val_mse": 26.894691467285156, "loss": 1.9135726425382826, "val_mae": 2.7659249305725098, "epoch": 29, "_step": 29, "best_val_loss": 2.7659247597651695, "best_epoch": 29}
